{
  "generated_at": "2026-01-06T16:15:00+09:00",
  "update_date": "2026-01-06",
  "update_time": "16:15:00",
  "summary": {
    "총예산": 24000000000,
    "총집행": 10282464377,
    "총잔액": 13717535623,
    "집행률": 42.8,
    "항목수": 37,
    "상태별": {
      "정상": 9,
      "주의": 5,
      "초과": 4,
      "미집행": 19
    },
    "비목별": {
      "인건비(110)": {
        "예산": 1901500000,
        "집행": 1784334539,
        "잔액": 117165461,
        "항목수": 2
      },
      "운영비(210)": {
        "예산": 753400000,
        "집행": 436495832,
        "잔액": 316904168,
        "항목수": 14
      },
      "여비(220)": {
        "예산": 40100000,
        "집행": 72545332,
        "잔액": -32445332,
        "항목수": 1
      },
      "연구개발비(260)": {
        "예산": 1000000000,
        "집행": 0,
        "잔액": 1000000000,
        "항목수": 1
      },
      "유형자산(430)": {
        "예산": 20000000,
        "집행": 16484942,
        "잔액": 3515058,
        "항목수": 1
      },
      "무형자산(440)": {
        "예산": 9050000000,
        "집행": 4207500000,
        "잔액": 4842500000,
        "항목수": 8
      },
      "건설비(420)": {
        "예산": 9935000000,
        "집행": 2465103732,
        "잔액": 7469896268,
        "항목수": 7
      },
      "사업비배분(320)": {
        "예산": 1300000000,
        "집행": 1300000000,
        "잔액": 0,
        "항목수": 3
      }
    },
    "남은일수": 359
  },
  "items": [
    {
      "id": "item-001",
      "항목명": "참여인력 인건비(정규직)",
      "비목": "인건비(110)",
      "세목": "인건비",
      "총예산": 1551500000,
      "사용금액_공급가": 1441234539,
      "사용금액_VAT": 0,
      "사용금액_합계": 1441234539,
      "잔액": 110265461,
      "집행률": 0.929,
      "상태": "정상",
      "2024년예산": 700000000,
      "2024년집행": 680000000,
      "2025년예산": 851500000,
      "2025년집행": 761234539
    },
    {
      "id": "item-002",
      "항목명": "참여인력 인건비(계약직)",
      "비목": "인건비(110)",
      "세목": "인건비",
      "총예산": 350000000,
      "사용금액_공급가": 343100000,
      "사용금액_VAT": 0,
      "사용금액_합계": 343100000,
      "잔액": 6900000,
      "집행률": 0.980,
      "상태": "정상",
      "2024년예산": 150000000,
      "2024년집행": 148000000,
      "2025년예산": 200000000,
      "2025년집행": 195100000
    },
    {
      "id": "item-003",
      "항목명": "사무용품비",
      "비목": "운영비(210)",
      "세목": "일반수용비",
      "총예산": 50000000,
      "사용금액_공급가": 25000000,
      "사용금액_VAT": 2500000,
      "사용금액_합계": 27500000,
      "잔액": 22500000,
      "집행률": 0.55,
      "상태": "주의",
      "2024년예산": 20000000,
      "2024년집행": 15000000,
      "2025년예산": 30000000,
      "2025년집행": 12500000
    },
    {
      "id": "item-004",
      "항목명": "인쇄비",
      "비목": "운영비(210)",
      "세목": "일반수용비",
      "총예산": 30000000,
      "사용금액_공급가": 18000000,
      "사용금액_VAT": 1800000,
      "사용금액_합계": 19800000,
      "잔액": 10200000,
      "집행률": 0.66,
      "상태": "정상",
      "2024년예산": 10000000,
      "2024년집행": 8000000,
      "2025년예산": 20000000,
      "2025년집행": 11800000
    },
    {
      "id": "item-005",
      "항목명": "홍보물 제작비",
      "비목": "운영비(210)",
      "세목": "일반수용비",
      "총예산": 100000000,
      "사용금액_공급가": 0,
      "사용금액_VAT": 0,
      "사용금액_합계": 0,
      "잔액": 100000000,
      "집행률": 0,
      "상태": "미집행",
      "2024년예산": 0,
      "2024년집행": 0,
      "2025년예산": 100000000,
      "2025년집행": 0
    },
    {
      "id": "item-006",
      "항목명": "회계 수수료",
      "비목": "운영비(210)",
      "세목": "일반수용비",
      "총예산": 50000000,
      "사용금액_공급가": 38000000,
      "사용금액_VAT": 3800000,
      "사용금액_합계": 41800000,
      "잔액": 8200000,
      "집행률": 0.836,
      "상태": "정상",
      "2024년예산": 25000000,
      "2024년집행": 22000000,
      "2025년예산": 25000000,
      "2025년집행": 19800000
    },
    {
      "id": "item-007",
      "항목명": "광고료",
      "비목": "운영비(210)",
      "세목": "일반수용비",
      "총예산": 50000000,
      "사용금액_공급가": 0,
      "사용금액_VAT": 0,
      "사용금액_합계": 0,
      "잔액": 50000000,
      "집행률": 0,
      "상태": "미집행",
      "2024년예산": 0,
      "2024년집행": 0,
      "2025년예산": 50000000,
      "2025년집행": 0
    },
    {
      "id": "item-008",
      "항목명": "전문가 활용비",
      "비목": "운영비(210)",
      "세목": "일반수용비",
      "총예산": 100000000,
      "사용금액_공급가": 75000000,
      "사용금액_VAT": 7500000,
      "사용금액_합계": 82500000,
      "잔액": 17500000,
      "집행률": 0.825,
      "상태": "정상",
      "2024년예산": 50000000,
      "2024년집행": 45000000,
      "2025년예산": 50000000,
      "2025년집행": 37500000
    },
    {
      "id": "item-009",
      "항목명": "행사 경비",
      "비목": "운영비(210)",
      "세목": "일반수용비",
      "총예산": 80000000,
      "사용금액_공급가": 55000000,
      "사용금액_VAT": 5500000,
      "사용금액_합계": 60500000,
      "잔액": 19500000,
      "집행률": 0.756,
      "상태": "정상",
      "2024년예산": 40000000,
      "2024년집행": 35000000,
      "2025년예산": 40000000,
      "2025년집행": 25500000
    },
    {
      "id": "item-010",
      "항목명": "회의비",
      "비목": "운영비(210)",
      "세목": "일반수용비",
      "총예산": 30000000,
      "사용금액_공급가": 22000000,
      "사용금액_VAT": 2200000,
      "사용금액_합계": 24200000,
      "잔액": 5800000,
      "집행률": 0.807,
      "상태": "정상",
      "2024년예산": 15000000,
      "2024년집행": 13000000,
      "2025년예산": 15000000,
      "2025년집행": 11200000
    },
    {
      "id": "item-011",
      "항목명": "부스 제작비",
      "비목": "운영비(210)",
      "세목": "일반용역비",
      "총예산": 33400000,
      "사용금액_공급가": 58200000,
      "사용금액_VAT": 5820000,
      "사용금액_합계": 64020000,
      "잔액": -30620000,
      "집행률": 1.917,
      "상태": "초과",
      "2024년예산": 20000000,
      "2024년집행": 35000000,
      "2025년예산": 13400000,
      "2025년집행": 29020000
    },
    {
      "id": "item-012",
      "항목명": "사무실 임차료",
      "비목": "운영비(210)",
      "세목": "임차료",
      "총예산": 100000000,
      "사용금액_공급가": 72000000,
      "사용금액_VAT": 7200000,
      "사용금액_합계": 79200000,
      "잔액": 20800000,
      "집행률": 0.792,
      "상태": "정상",
      "2024년예산": 50000000,
      "2024년집행": 48000000,
      "2025년예산": 50000000,
      "2025년집행": 31200000
    },
    {
      "id": "item-013",
      "항목명": "전시 부스 임차료",
      "비목": "운영비(210)",
      "세목": "임차료",
      "총예산": 50000000,
      "사용금액_공급가": 18000000,
      "사용금액_VAT": 1800000,
      "사용금액_합계": 19800000,
      "잔액": 30200000,
      "집행률": 0.396,
      "상태": "주의",
      "2024년예산": 25000000,
      "2024년집행": 10000000,
      "2025년예산": 25000000,
      "2025년집행": 9800000
    },
    {
      "id": "item-014",
      "항목명": "OA기기 임차료",
      "비목": "운영비(210)",
      "세목": "임차료",
      "총예산": 30000000,
      "사용금액_공급가": 8175832,
      "사용금액_VAT": 0,
      "사용금액_합계": 8175832,
      "잔액": 21824168,
      "집행률": 0.273,
      "상태": "주의",
      "2024년예산": 15000000,
      "2024년집행": 5000000,
      "2025년예산": 15000000,
      "2025년집행": 3175832
    },
    {
      "id": "item-015",
      "항목명": "복리후생비",
      "비목": "운영비(210)",
      "세목": "복리후생비",
      "총예산": 50000000,
      "사용금액_공급가": 9000000,
      "사용금액_VAT": 0,
      "사용금액_합계": 9000000,
      "잔액": 41000000,
      "집행률": 0.18,
      "상태": "주의",
      "2024년예산": 25000000,
      "2024년집행": 6000000,
      "2025년예산": 25000000,
      "2025년집행": 3000000
    },
    {
      "id": "item-016",
      "항목명": "국내 여비",
      "비목": "여비(220)",
      "세목": "국내여비",
      "총예산": 40100000,
      "사용금액_공급가": 72545332,
      "사용금액_VAT": 0,
      "사용금액_합계": 72545332,
      "잔액": -32445332,
      "집행률": 1.809,
      "상태": "초과",
      "2024년예산": 20000000,
      "2024년집행": 40000000,
      "2025년예산": 20100000,
      "2025년집행": 32545332
    },
    {
      "id": "item-017",
      "항목명": "DRT 플랫폼 개발",
      "비목": "연구개발비(260)",
      "세목": "연구개발비",
      "총예산": 1000000000,
      "사용금액_공급가": 0,
      "사용금액_VAT": 0,
      "사용금액_합계": 0,
      "잔액": 1000000000,
      "집행률": 0,
      "상태": "미집행",
      "2024년예산": 0,
      "2024년집행": 0,
      "2025년예산": 1000000000,
      "2025년집행": 0
    },
    {
      "id": "item-018",
      "항목명": "이노베이션 센터 PC 등",
      "비목": "유형자산(430)",
      "세목": "집기비품",
      "총예산": 20000000,
      "사용금액_공급가": 14986311,
      "사용금액_VAT": 1498631,
      "사용금액_합계": 16484942,
      "잔액": 3515058,
      "집행률": 0.824,
      "상태": "정상",
      "2024년예산": 20000000,
      "2024년집행": 16484942,
      "2025년예산": 0,
      "2025년집행": 0
    },
    {
      "id": "item-019",
      "항목명": "모바일 전자시민증",
      "비목": "무형자산(440)",
      "세목": "소프트웨어",
      "총예산": 500000000,
      "사용금액_공급가": 0,
      "사용금액_VAT": 0,
      "사용금액_합계": 0,
      "잔액": 500000000,
      "집행률": 0,
      "상태": "미집행",
      "2024년예산": 0,
      "2024년집행": 0,
      "2025년예산": 500000000,
      "2025년집행": 0
    },
    {
      "id": "item-020",
      "항목명": "AI통합관제 플랫폼",
      "비목": "무형자산(440)",
      "세목": "소프트웨어",
      "총예산": 1600000000,
      "사용금액_공급가": 0,
      "사용금액_VAT": 0,
      "사용금액_합계": 0,
      "잔액": 1600000000,
      "집행률": 0,
      "상태": "미집행",
      "2024년예산": 0,
      "2024년집행": 0,
      "2025년예산": 1600000000,
      "2025년집행": 0
    },
    {
      "id": "item-021",
      "항목명": "디지털노마드 콘텐츠",
      "비목": "무형자산(440)",
      "세목": "소프트웨어",
      "총예산": 700000000,
      "사용금액_공급가": 0,
      "사용금액_VAT": 0,
      "사용금액_합계": 0,
      "잔액": 700000000,
      "집행률": 0,
      "상태": "미집행",
      "2024년예산": 0,
      "2024년집행": 0,
      "2025년예산": 700000000,
      "2025년집행": 0
    },
    {
      "id": "item-022",
      "항목명": "데이터AI융복합 서비스",
      "비목": "무형자산(440)",
      "세목": "소프트웨어",
      "총예산": 1100000000,
      "사용금액_공급가": 0,
      "사용금액_VAT": 0,
      "사용금액_합계": 0,
      "잔액": 1100000000,
      "집행률": 0,
      "상태": "미집행",
      "2024년예산": 0,
      "2024년집행": 0,
      "2025년예산": 1100000000,
      "2025년집행": 0
    },
    {
      "id": "item-023",
      "항목명": "메타버스 체험존",
      "비목": "무형자산(440)",
      "세목": "소프트웨어",
      "총예산": 500000000,
      "사용금액_공급가": 0,
      "사용금액_VAT": 0,
      "사용금액_합계": 0,
      "잔액": 500000000,
      "집행률": 0,
      "상태": "미집행",
      "2024년예산": 0,
      "2024년집행": 0,
      "2025년예산": 500000000,
      "2025년집행": 0
    },
    {
      "id": "item-024",
      "항목명": "디지털링크 연계 서비스",
      "비목": "무형자산(440)",
      "세목": "소프트웨어",
      "총예산": 400000000,
      "사용금액_공급가": 0,
      "사용금액_VAT": 0,
      "사용금액_합계": 0,
      "잔액": 400000000,
      "집행률": 0,
      "상태": "미집행",
      "2024년예산": 0,
      "2024년집행": 0,
      "2025년예산": 400000000,
      "2025년집행": 0
    },
    {
      "id": "item-025",
      "항목명": "ESG 탄소중립 교육",
      "비목": "무형자산(440)",
      "세목": "소프트웨어",
      "총예산": 750000000,
      "사용금액_공급가": 0,
      "사용금액_VAT": 0,
      "사용금액_합계": 0,
      "잔액": 750000000,
      "집행률": 0,
      "상태": "미집행",
      "2024년예산": 0,
      "2024년집행": 0,
      "2025년예산": 750000000,
      "2025년집행": 0
    },
    {
      "id": "item-026",
      "항목명": "디지털OASIS 정보관리",
      "비목": "무형자산(440)",
      "세목": "소프트웨어",
      "총예산": 2500000000,
      "사용금액_공급가": 3825000000,
      "사용금액_VAT": 382500000,
      "사용금액_합계": 4207500000,
      "잔액": -1707500000,
      "집행률": 1.683,
      "상태": "초과",
      "2024년예산": 1000000000,
      "2024년집행": 2000000000,
      "2025년예산": 1500000000,
      "2025년집행": 2207500000
    },
    {
      "id": "item-027",
      "항목명": "디지털 OASIS SPOT",
      "비목": "건설비(420)",
      "세목": "시설비",
      "총예산": 3500000000,
      "사용금액_공급가": 13636364,
      "사용금액_VAT": 1363636,
      "사용금액_합계": 15000000,
      "잔액": 3485000000,
      "집행률": 0.004,
      "상태": "미집행",
      "2024년예산": 500000000,
      "2024년집행": 0,
      "2025년예산": 3000000000,
      "2025년집행": 15000000
    },
    {
      "id": "item-028",
      "항목명": "SDDC Platform 구축",
      "비목": "건설비(420)",
      "세목": "시설비",
      "총예산": 2700000000,
      "사용금액_공급가": 709094302,
      "사용금액_VAT": 70909430,
      "사용금액_합계": 780003732,
      "잔액": 1919996268,
      "집행률": 0.289,
      "상태": "주의",
      "2024년예산": 700000000,
      "2024년집행": 300000000,
      "2025년예산": 2000000000,
      "2025년집행": 480003732
    },
    {
      "id": "item-029",
      "항목명": "유무선 네트워크 구축",
      "비목": "건설비(420)",
      "세목": "시설비",
      "총예산": 400000000,
      "사용금액_공급가": 415000000,
      "사용금액_VAT": 41500000,
      "사용금액_합계": 456500000,
      "잔액": -56500000,
      "집행률": 1.141,
      "상태": "초과",
      "2024년예산": 200000000,
      "2024년집행": 250000000,
      "2025년예산": 200000000,
      "2025년집행": 206500000
    },
    {
      "id": "item-030",
      "항목명": "이노베이션 센터 구축",
      "비목": "건설비(420)",
      "세목": "시설비",
      "총예산": 1300000000,
      "사용금액_공급가": 1103600000,
      "사용금액_VAT": 110360000,
      "사용금액_합계": 1213600000,
      "잔액": 86400000,
      "집행률": 0.934,
      "상태": "정상",
      "2024년예산": 600000000,
      "2024년집행": 550000000,
      "2025년예산": 700000000,
      "2025년집행": 663600000
    },
    {
      "id": "item-031",
      "항목명": "스마트 공공 WiFi",
      "비목": "건설비(420)",
      "세목": "시설비",
      "총예산": 735000000,
      "사용금액_공급가": 0,
      "사용금액_VAT": 0,
      "사용금액_합계": 0,
      "잔액": 735000000,
      "집행률": 0,
      "상태": "미집행",
      "2024년예산": 0,
      "2024년집행": 0,
      "2025년예산": 735000000,
      "2025년집행": 0
    },
    {
      "id": "item-032",
      "항목명": "스마트폴 구축",
      "비목": "건설비(420)",
      "세목": "시설비",
      "총예산": 800000000,
      "사용금액_공급가": 0,
      "사용금액_VAT": 0,
      "사용금액_합계": 0,
      "잔액": 800000000,
      "집행률": 0,
      "상태": "미집행",
      "2024년예산": 0,
      "2024년집행": 0,
      "2025년예산": 800000000,
      "2025년집행": 0
    },
    {
      "id": "item-033",
      "항목명": "무인매장 구축",
      "비목": "건설비(420)",
      "세목": "시설비",
      "총예산": 500000000,
      "사용금액_공급가": 0,
      "사용금액_VAT": 0,
      "사용금액_합계": 0,
      "잔액": 500000000,
      "집행률": 0,
      "상태": "미집행",
      "2024년예산": 0,
      "2024년집행": 0,
      "2025년예산": 500000000,
      "2025년집행": 0
    },
    {
      "id": "item-034",
      "항목명": "KAIST 연구과업",
      "비목": "사업비배분(320)",
      "세목": "협력기관비",
      "총예산": 200000000,
      "사용금액_공급가": 200000000,
      "사용금액_VAT": 0,
      "사용금액_합계": 200000000,
      "잔액": 0,
      "집행률": 1.0,
      "상태": "정상",
      "2024년예산": 100000000,
      "2024년집행": 100000000,
      "2025년예산": 100000000,
      "2025년집행": 100000000
    },
    {
      "id": "item-035",
      "항목명": "충남연구원 연구과업",
      "비목": "사업비배분(320)",
      "세목": "협력기관비",
      "총예산": 200000000,
      "사용금액_공급가": 200000000,
      "사용금액_VAT": 0,
      "사용금액_합계": 200000000,
      "잔액": 0,
      "집행률": 1.0,
      "상태": "정상",
      "2024년예산": 70000000,
      "2024년집행": 70000000,
      "2025년예산": 130000000,
      "2025년집행": 130000000
    },
    {
      "id": "item-036",
      "항목명": "호서대 산학협력단",
      "비목": "사업비배분(320)",
      "세목": "협력기관비",
      "총예산": 900000000,
      "사용금액_공급가": 900000000,
      "사용금액_VAT": 0,
      "사용금액_합계": 900000000,
      "잔액": 0,
      "집행률": 1.0,
      "상태": "정상",
      "2024년예산": 380000000,
      "2024년집행": 380000000,
      "2025년예산": 520000000,
      "2025년집행": 520000000
    }
  ]
}
