{
  "generated_at": "2026-01-14T11:00:00+09:00",
  "update_date": "2026-01-14",
  "update_time": "11:00:00",
  "project_info": {
    "name": "아산시 강소형 스마트시티 조성사업",
    "subtitle": "디지털 OASIS 구현을 통한 지역경제 활성화",
    "start_date": "2023-08-01",
    "end_date": "2026-12-31",
    "extension_approved": true,
    "extension_date": "2025-12-24",
    "extension_months": 12,
    "days_remaining": 351
  },
  "summary": {
    "총예산": 24000000000,
    "총집행": 9080000000,
    "총잔액": 14920000000,
    "집행률": 37.8,
    "항목수": 9,
    "남은일수": 351,
    "진도율": 42.5,
    "상태별": {"완료": 3, "진행중": 4, "대기": 2},
    "재원별": {
      "국비": {"총액": 12000000000, "비율": 50, "집행": 4540000000, "집행률": 37.8, "잔액": 7460000000},
      "도비": {"총액": 2880000000, "비율": 12, "집행": 1090000000, "집행률": 37.8, "잔액": 1790000000},
      "시비": {"총액": 9120000000, "비율": 38, "집행": 3450000000, "집행률": 37.8, "잔액": 5670000000}
    }
  },
  "units": [
    {"id": 1, "name": "유무선 네트워크 구축", "budget": 400000000, "executed": 460000000, "rate": 114, "status": "완료", "status_detail": "계약완료 (초과집행)", "contractor": "사인텔레콤"},
    {"id": 2, "name": "서비스 인프라 플랫폼", "budget": 2700000000, "executed": 0, "rate": 0, "progress": 85, "status": "진행중", "status_detail": "협상완료, 계약진행중"},
    {"id": 3, "name": "이노베이션 센터 구축", "budget": 1300000000, "executed": 1210000000, "rate": 93, "status": "완료", "status_detail": "구축완료"},
    {"id": 4, "name": "디지털 OASIS SPOT", "budget": 3500000000, "executed": 15000000, "rate": 0.4, "status": "진행중", "status_detail": "부지승인 완료, 착공준비"},
    {"id": 5, "name": "SDDC Platform 구축", "budget": 2700000000, "executed": 780000000, "rate": 29, "status": "진행중", "status_detail": "기술협상완료, 계약진행중"},
    {"id": 6, "name": "AI 통합관제 플랫폼", "budget": 1600000000, "executed": 0, "rate": 0, "status": "대기", "status_detail": "계약 대기"},
    {"id": 7, "name": "디지털 OASIS 정보관리", "budget": 2300000000, "executed": 4200000000, "rate": 183, "status": "주의", "status_detail": "초과집행 주의"},
    {"id": 8, "name": "DRT 플랫폼", "budget": 1000000000, "executed": 0, "rate": 0, "status": "대기", "status_detail": "설계 진행중"},
    {"id": 9, "name": "감리용역", "budget": 160000000, "executed": 0, "rate": 0, "status": "신규", "status_detail": "신설 - 업체선정 준비"}
  ],
  "milestones": [
    {"date": "2026-01-08", "type": "보고", "title": "예산관리 시스템 현행화 완료", "status": "완료"},
    {"date": "2026-01-10", "type": "계약", "title": "SDDC Platform 본계약 체결 예정", "status": "예정"},
    {"date": "2026-01-15", "type": "착수", "title": "서비스 인프라 플랫폼 착수보고", "status": "예정"},
    {"date": "2026-01-20", "type": "점검", "title": "1월 중간점검 (예산 집행 현황)", "status": "예정"},
    {"date": "2026-01-31", "type": "마감", "title": "1월 월간 추진실적 보고", "status": "예정"}
  ],
  "risks": {
    "critical": [
      {"id": 1, "title": "예산 집행률 저조", "description": "2025년 집행률 14.8% → 2026년 집행 집중 필요", "impact": 14600000000, "response": "2026년 상반기 대형 계약 체결", "deadline": "2026-06-30"},
      {"id": 2, "title": "OASIS SPOT 공사 지연", "description": "부지 승인 완료, 착공 필요", "impact": 3550000000, "response": "2026년 1분기 공사 착수", "deadline": "2026-03-31"}
    ],
    "high": [
      {"id": 3, "title": "SDDC Platform 계약 지연", "impact": 2700000000, "response": "계약 체결 진행중"},
      {"id": 4, "title": "서비스 인프라 계약 지연", "impact": 2700000000, "response": "계약 체결 진행중"},
      {"id": 5, "title": "네트워크 장비 납기 12주", "impact": 800000000, "response": "조기 발주"}
    ],
    "medium": [
      {"id": 6, "title": "AI통합관제 계약 지연", "impact": 1600000000},
      {"id": 7, "title": "정보관리 서비스 업체선정 지연", "impact": 2300000000},
      {"id": 8, "title": "DRT 차량 발주 지연", "impact": 1000000000}
    ],
    "summary": {"critical": 2, "high": 3, "medium": 3, "total": 8}
  }
}
